
INSERT INTO "item" ("name", "level", "mana_cost", "type", "is_lootable_in_chest", "has_saving_throw") VALUES
('broadsword_1',	1,	NULL,	'Weapon',	'f',	NULL),
('faith_crossbow_1',	1,	NULL,	'Weapon',	'f',	NULL),
('throwing_dagger_1',	1,	NULL,	'Weapon',	'f',	NULL),
('magic_shot_1',	1,	'{"SORCERER":2,"CLERIC":3}',	'Spell',	'f',	NULL),
('elders_shortbow_1',	1,	NULL,	'Weapon',	'f',	NULL),
('goblin_scimitar_1',	1,	NULL,	'Weapon',	'f',	NULL),
('bugbear_mace_1',	1,	NULL,	'Weapon',	'f',	NULL),
('faith_mace_1',	1,	NULL,	'Weapon',	't',	NULL),
('master_axe_1',	1,	NULL,	'Weapon',	't',	NULL),
('flash_bombs_1',	1,	NULL,	'Weapon',	't',	NULL),
('poisoned_blowpipe_1',	1,	NULL,	'Weapon',	't',	NULL),
('sword_of_outcast_kings_1',	1,	NULL,	'Weapon',	't',	NULL),
('tormented_sword_of_slavery_1',	1,	NULL,	'Weapon',	't',	NULL),
('bow_of_freedom_1',	1,	NULL,	'Weapon',	't',	NULL),
('elves_blessed_bow_1',	1,	NULL,	'Weapon',	't',	NULL),
('trusty_dwarven_forging_axe_1',	1,	NULL,	'Weapon',	't',	NULL),
('dragons_fury_1',	0,	NULL,	'Weapon',	'f',	NULL),
('kords_unsubmissive_servant_1',	0,	NULL,	'Weapon',	'f',	NULL),
('herald_of_pain_1',	0,	NULL,	'Weapon',	'f',	NULL),
('two_handed_broadsword_1',	1,	NULL,	'Weapon',	'f',	NULL),
('bone_splitter_1',	1,	NULL,	'Weapon',	't',	NULL),
('hammer_of_freedom_1',	1,	NULL,	'Weapon',	't',	NULL),
('pillar_of_fire_1',	0,	'{"CLERIC":8,"SORCERER":7}',	'Spell',	'f',	NULL),
('energy_shield_1',	0,	'{"CLERIC":5,"SORCERER":4}',	'Spell',	'f',	NULL),
('force_cage_1',	1,	'{"CLERIC":5,"SORCERER":4}',	'Spell',	't',	NULL),
('ultimate_restauration_1',	1,	'{"CLERIC":4}',	'Spell',	'f',	NULL),
('invisible_servant_1',	1,	'{"CLERIC":3,"SORCERER":2}',	'Spell',	't',	NULL),
('partial_healing_circle_1',	1,	'{"CLERIC":2,"SORCERER":4}',	'Spell',	't',	NULL),
('ray_of_frost_1',	1,	'{"CLERIC":4,"SORCERER":3}',	'Spell',	't',	NULL),
('melfs_acid_arrow_1',	1,	'{"CLERIC":4,"SORCERER":3}',	'Spell',	't',	NULL),
('flaming_arrows_1',	1,	'{"CLERIC":4,"SORCERER":3}',	'Spell',	't',	NULL),
('burning_hands_1',	1,	'{"CLERIC":4,"SORCERER":3}',	'Spell',	't',	NULL),
('call_from_the_grave_1',	1,	NULL,	'ChestTrap',	't',	NULL),
('voices_of_the_damned_1',	1,	NULL,	'ChestTrap',	't',	NULL),
('dazzling_light_1',	1,	NULL,	'ChestTrap',	't',	NULL),
('smothering_mist_1',	1,	NULL,	'ChestTrap',	't',	NULL),
('brutal_betrayal_1',	2,	NULL,	'ChestTrap',	't',	NULL),
('magic_loss_1',	3,	NULL,	'ChestTrap',	't',	NULL),
('blanket_of_flames_1',	3,	NULL,	'ChestTrap',	't',	NULL),
('orb_of_lucid_vision_1',	0,	NULL,	'Artifact',	'f',	'f'),
('boccobs_cloak_1',	0,	NULL,	'Artifact',	'f',	't'),
('yonddalla_amulet_1',	1,	NULL,	'Artifact',	'f',	'f'),
('ring_of_shadows_1',	1,	NULL,	'Artifact',	't',	't'),
('summoners_horn_1',	1,	NULL,	'Artifact',	't',	't'),
('bark_skin_cloak_1',	1,	NULL,	'Artifact',	't',	't'),
('olidammara_amulet_1',	1,	NULL,	'Artifact',	't',	'f'),
('potion_of_weakness_1',	1,	NULL,	'Potion',	't',	NULL),
('smoke_shadow_potion_1',	1,	NULL,	'Potion',	't',	NULL),
('kords_blessing_potion_1',	1,	NULL,	'Potion',	't',	NULL),
('imperious_hand_potion_1',	1,	NULL,	'Potion',	't',	NULL),
('potion_of_laughter_1',	1,	NULL,	'Potion',	't',	NULL),
('olidammara_wisdom_potion_1',	1,	NULL,	'Potion',	't',	NULL),
('partial_restoration_potion_1',	1,	NULL,	'Potion',	't',	NULL),
('initiative_potion_1',	1,	NULL,	'Potion',	't',	NULL),
('ultimate_restoration_potion_1',	1,	NULL,	'Potion',	't',	NULL),
('light_healing_potion_1',	1,	NULL,	'Potion',	't',	NULL);

INSERT INTO "item_ui" ("item_name", "img_url") VALUES
('broadsword_1',	'https://jergauth-dnd-assets.s3.eu-west-3.amazonaws.com/broadsword_1.webp'),
('faith_crossbow_1',	'https://jergauth-dnd-assets.s3.eu-west-3.amazonaws.com/faith_crossbow_1.webp'),
('throwing_dagger_1',	'https://jergauth-dnd-assets.s3.eu-west-3.amazonaws.com/throwing_dagger_1.webp'),
('magic_shot_1',	'https://jergauth-dnd-assets.s3.eu-west-3.amazonaws.com/magic_shot_1.webp'),
('elders_shortbow_1',	'https://jergauth-dnd-assets.s3.eu-west-3.amazonaws.com/elders_shortbow_1.webp'),
('goblin_scimitar_1',	'https://www.aidedd.org/dnd/images/goblin.jpg'),
('bugbear_mace_1',	'https://www.aidedd.org/dnd/images/bugbear.jpg'),
('faith_mace_1',	'https://jergauth-dnd-assets.s3.eu-west-3.amazonaws.com/faith_mace_1.webp'),
('master_axe_1',	'https://jergauth-dnd-assets.s3.eu-west-3.amazonaws.com/master_axe_1.webp'),
('flash_bombs_1',	'https://jergauth-dnd-assets.s3.eu-west-3.amazonaws.com/flash_bombs_1.webp'),
('poisoned_blowpipe_1',	'https://jergauth-dnd-assets.s3.eu-west-3.amazonaws.com/poisoned_blowpipe_1.webp'),
('sword_of_outcast_kings_1',	'https://jergauth-dnd-assets.s3.eu-west-3.amazonaws.com/sword_of_outcast_kings_1.webp'),
('tormented_sword_of_slavery_1',	'https://jergauth-dnd-assets.s3.eu-west-3.amazonaws.com/tormented_sword_of_slavery_1.webp'),
('bow_of_freedom_1',	'https://jergauth-dnd-assets.s3.eu-west-3.amazonaws.com/bow_of_freedom_1.webp'),
('elves_blessed_bow_1',	'https://jergauth-dnd-assets.s3.eu-west-3.amazonaws.com/elves_blessed_bow_1.webp'),
('trusty_dwarven_forging_axe_1',	'https://jergauth-dnd-assets.s3.eu-west-3.amazonaws.com/trusty_dwarven_forging_axe_1.webp'),
('dragons_fury_1',	'https://jergauth-dnd-assets.s3.eu-west-3.amazonaws.com/dragons_fury_1.webp'),
('kords_unsubmissive_servant_1',	'https://jergauth-dnd-assets.s3.eu-west-3.amazonaws.com/kords_unsubmissive_servant_1.webp'),
('herald_of_pain_1',	'https://jergauth-dnd-assets.s3.eu-west-3.amazonaws.com/herald_of_pain_1.webp'),
('two_handed_broadsword_1',	'https://jergauth-dnd-assets.s3.eu-west-3.amazonaws.com/two_handed_broadsword_1.webp'),
('bone_splitter_1',	'https://jergauth-dnd-assets.s3.eu-west-3.amazonaws.com/bone_splitter_1.webp'),
('hammer_of_freedom_1',	'https://jergauth-dnd-assets.s3.eu-west-3.amazonaws.com/hammer_of_freedom_1.webp'),
('pillar_of_fire_1',	'https://jergauth-dnd-assets.s3.eu-west-3.amazonaws.com/pillar_of_fire_1.webp'),
('energy_shield_1',	'https://jergauth-dnd-assets.s3.eu-west-3.amazonaws.com/energy_shield_1.webp'),
('force_cage_1',	'https://jergauth-dnd-assets.s3.eu-west-3.amazonaws.com/force_cage_1.webp'),
('ultimate_restauration_1',	'https://jergauth-dnd-assets.s3.eu-west-3.amazonaws.com/ultimate_restauration_1.webp'),
('invisible_servant_1',	'https://jergauth-dnd-assets.s3.eu-west-3.amazonaws.com/invisible_servant_1.webp'),
('partial_healing_circle_1',	'https://jergauth-dnd-assets.s3.eu-west-3.amazonaws.com/partial_healing_circle_1.webp'),
('call_from_the_grave_1',	'https://jergauth-dnd-assets.s3.eu-west-3.amazonaws.com/call_from_the_grave_1.webp'),
('voices_of_the_damned_1',	'https://jergauth-dnd-assets.s3.eu-west-3.amazonaws.com/voices_of_the_damned_1.webp'),
('dazzling_light_1',	'https://jergauth-dnd-assets.s3.eu-west-3.amazonaws.com/dazzling_light_1.webp'),
('smothering_mist_1',	'https://jergauth-dnd-assets.s3.eu-west-3.amazonaws.com/smothering_mist_1.webp'),
('brutal_betrayal_1',	'https://jergauth-dnd-assets.s3.eu-west-3.amazonaws.com/brutal_betrayal_1.webp'),
('magic_loss_1',	'https://jergauth-dnd-assets.s3.eu-west-3.amazonaws.com/magic_loss_1.webp'),
('blanket_of_flames_1',	'https://jergauth-dnd-assets.s3.eu-west-3.amazonaws.com/blanket_of_flames_1.webp'),
('ray_of_frost_1',	'https://jergauth-dnd-assets.s3.eu-west-3.amazonaws.com/ray_of_frost_1.webp'),
('melfs_acid_arrow_1',	'https://jergauth-dnd-assets.s3.eu-west-3.amazonaws.com/melfs_acid_arrow_1.webp'),
('flaming_arrows_1',	'https://jergauth-dnd-assets.s3.eu-west-3.amazonaws.com/flaming_arrows_1.webp'),
('burning_hands_1',	'https://jergauth-dnd-assets.s3.eu-west-3.amazonaws.com/burning_hands_1.webp'),
('orb_of_lucid_vision_1',	'https://jergauth-dnd-assets.s3.eu-west-3.amazonaws.com/orb_of_lucid_vision_1.webp'),
('boccobs_cloak_1',	'https://jergauth-dnd-assets.s3.eu-west-3.amazonaws.com/boccobs_cloak_1.webp'),
('yonddalla_amulet_1',	'https://jergauth-dnd-assets.s3.eu-west-3.amazonaws.com/yonddalla_amulet_1.webp'),
('ring_of_shadows_1',	'https://jergauth-dnd-assets.s3.eu-west-3.amazonaws.com/ring_of_shadows_1.webp'),
('summoners_horn_1',	'https://jergauth-dnd-assets.s3.eu-west-3.amazonaws.com/summoners_horn_1.webp'),
('bark_skin_cloak_1',	'https://jergauth-dnd-assets.s3.eu-west-3.amazonaws.com/bark_skin_cloak_1.webp'),
('olidammara_amulet_1',	'https://jergauth-dnd-assets.s3.eu-west-3.amazonaws.com/olidammara_amulet_1.webp'),
('potion_of_weakness_1',	'https://jergauth-dnd-assets.s3.eu-west-3.amazonaws.com/potion_of_weakness_1.webp'),
('smoke_shadow_potion_1',	'https://jergauth-dnd-assets.s3.eu-west-3.amazonaws.com/smoke_shadow_potion_1.webp'),
('kords_blessing_potion_1',	'https://jergauth-dnd-assets.s3.eu-west-3.amazonaws.com/kords_blessing_potion_1.webp'),
('imperious_hand_potion_1',	'https://jergauth-dnd-assets.s3.eu-west-3.amazonaws.com/imperious_hand_potion_1.webp'),
('potion_of_laughter_1',	'https://jergauth-dnd-assets.s3.eu-west-3.amazonaws.com/potion_of_laughter_1.webp'),
('olidammara_wisdom_potion_1',	'https://jergauth-dnd-assets.s3.eu-west-3.amazonaws.com/olidammara_wisdom_potion_1.webp'),
('partial_restoration_potion_1',	'https://jergauth-dnd-assets.s3.eu-west-3.amazonaws.com/partial_restoration_potion_1.webp'),
('initiative_potion_1',	'https://jergauth-dnd-assets.s3.eu-west-3.amazonaws.com/initiative_potion_1.webp'),
('ultimate_restoration_potion_1',	'https://jergauth-dnd-assets.s3.eu-west-3.amazonaws.com/ultimate_restoration_potion_1.webp'),
('light_healing_potion_1',	'https://jergauth-dnd-assets.s3.eu-west-3.amazonaws.com/light_healing_potion_1.webp');

INSERT INTO "attack" ("id", "range", "type", "item_name") VALUES
('d6935dcd-0a9e-4e8e-9e17-d1d7242ccd68',	'melee',	'regular',	'broadsword_1'),
('caf774ee-71cf-400d-af29-e91ffb1aa9e2',	'long',	'regular',	'faith_crossbow_1'),
('843694db-6235-4d88-81a2-d463954690de',	'long',	'regular',	'throwing_dagger_1'),
('3f0624db-76e3-4492-883a-feca67e2add6',	'long',	'super',	'throwing_dagger_1'),
('fdb9c3a8-9ec2-457a-90b3-bbbab68b1236',	'long',	'regular',	'magic_shot_1'),
('14931b0b-1c4c-4f3f-919b-62d91d2a35c4',	'long',	'regular',	'elders_shortbow_1'),
('d94e7f57-bb5e-4bac-92a0-c1defce8b7a3',	'melee',	'regular',	'goblin_scimitar_1'),
('71ff36ed-8714-48be-9122-9a052a25d37c',	'melee',	'regular',	'bugbear_mace_1'),
('c121e3e7-f8f0-4ed9-b577-a50eb2216f2c',	'melee',	'regular',	'faith_mace_1'),
('bb9b990b-b09b-4918-922b-8b9d363be855',	'melee',	'regular',	'master_axe_1'),
('675d0f5e-3a92-4a1f-8a63-a97ab8f46cad',	'melee',	'super',	'master_axe_1'),
('76fee024-70f8-497b-924f-287971559a53',	'long',	'regular',	'flash_bombs_1'),
('a25756b8-99b3-4e5e-9862-ca912d5ea633',	'long',	'regular',	'poisoned_blowpipe_1'),
('a69381d8-b447-4098-86e9-a1dbd028a2a4',	'melee',	'regular',	'sword_of_outcast_kings_1'),
('2688c50c-b4e3-4781-ad1d-8839392b9b01',	'melee',	'regular',	'tormented_sword_of_slavery_1'),
('80b60cd2-f835-4762-bf24-e9d967e09d97',	'long',	'regular',	'bow_of_freedom_1'),
('fe3e0d2f-318d-4865-b04a-7cf0a14f6b9d',	'long',	'regular',	'elves_blessed_bow_1'),
('ff30c6db-df5e-4ce2-b8f9-4522fb0ce54f',	'melee',	'regular',	'trusty_dwarven_forging_axe_1'),
('efd3fc4d-1c7c-41f5-9705-87df02b5ee7d',	'long',	'regular',	'dragons_fury_1'),
('841d845e-3a46-4ac5-82d0-de3414e64182',	'melee',	'regular',	'kords_unsubmissive_servant_1'),
('3bede1f9-4223-4b6b-bcb6-30d33a12fcba',	'melee',	'regular',	'herald_of_pain_1'),
('2712d136-187a-4ca7-882d-717d49d01a61',	'melee',	'regular',	'two_handed_broadsword_1'),
('725cb869-00a5-4917-94eb-790996364687',	'melee',	'regular',	'bone_splitter_1'),
('289a7b34-e0e3-4cfe-88f0-7cd46328be8c',	'melee',	'super',	'bone_splitter_1'),
('37b7b869-078d-4270-b927-3a579d22e032',	'melee',	'regular',	'hammer_of_freedom_1'),
('591ea566-fb61-4072-bbb9-347826b5c052',	'long',	'regular',	'pillar_of_fire_1'),
('c3bf9e8a-82b4-4013-8dfe-3df6a9e425c0',	'versatile',	'regular',	'force_cage_1'),
('2e6148c6-922b-4d03-9814-18c95a12ae61',	'long',	'regular',	'ray_of_frost_1'),
('22b82252-7d49-4ca7-8447-71a64702fb88',	'long',	'regular',	'melfs_acid_arrow_1'),
('fa401ea4-80bb-4e48-95b9-2d0ff49fefb1',	'long',	'regular',	'flaming_arrows_1'),
('a86155ab-3921-4b76-bdb9-b11e5dd23f3b',	'versatile',	'regular',	'burning_hands_1');

INSERT INTO "attack_dice" ("id", "attack_id", "dice_name") VALUES
('58116f6c-8827-4a7f-af20-08e21c250742',	'd6935dcd-0a9e-4e8e-9e17-d1d7242ccd68',	'yellow'),
('aa777bcd-bf74-4a7f-a292-a0f595e3f713',	'd6935dcd-0a9e-4e8e-9e17-d1d7242ccd68',	'yellow'),
('86bc7bcb-4cf0-4660-856f-3cace27ec5c7',	'd6935dcd-0a9e-4e8e-9e17-d1d7242ccd68',	'orange'),
('c114dac3-9065-436d-975f-19609d07137e',	'caf774ee-71cf-400d-af29-e91ffb1aa9e2',	'yellow'),
('a590667e-5300-4150-b221-ce10ffb34c9f',	'caf774ee-71cf-400d-af29-e91ffb1aa9e2',	'yellow'),
('423a83bb-5e8b-4f7b-a529-9cb0023fc140',	'caf774ee-71cf-400d-af29-e91ffb1aa9e2',	'special'),
('91889159-26fa-4580-a80f-c2d495ac7df8',	'3f0624db-76e3-4492-883a-feca67e2add6',	'orange'),
('fdc9b26b-da12-40c7-ac27-a5bc5a023019',	'3f0624db-76e3-4492-883a-feca67e2add6',	'orange'),
('f595d16e-4d2d-40f4-8f2c-48d4b521736e',	'3f0624db-76e3-4492-883a-feca67e2add6',	'special'),
('e04e1787-3f41-441a-ae91-a0b5e91f5253',	'843694db-6235-4d88-81a2-d463954690de',	'yellow'),
('881fc759-8216-4902-98e9-c806ea110380',	'843694db-6235-4d88-81a2-d463954690de',	'yellow'),
('8fe931f5-5905-44c9-8dbb-54c5c4f01100',	'fdb9c3a8-9ec2-457a-90b3-bbbab68b1236',	'yellow'),
('3800c9d7-b811-44f8-b8ba-78db7b43d8ce',	'fdb9c3a8-9ec2-457a-90b3-bbbab68b1236',	'red'),
('861529d7-4424-40f1-b50d-9ff88dfe5cb5',	'14931b0b-1c4c-4f3f-919b-62d91d2a35c4',	'yellow'),
('a9f7694b-c7c8-4ebe-8a9d-ee6347990bc8',	'14931b0b-1c4c-4f3f-919b-62d91d2a35c4',	'yellow'),
('e9f2fd84-dccf-4fed-8667-f4610e7f2cbf',	'14931b0b-1c4c-4f3f-919b-62d91d2a35c4',	'special'),
('abe727d7-5e5d-4e3e-b183-f0cfeeff790c',	'd94e7f57-bb5e-4bac-92a0-c1defce8b7a3',	'yellow'),
('bf33f979-7f3a-46fc-b4c3-101b439e8e79',	'd94e7f57-bb5e-4bac-92a0-c1defce8b7a3',	'yellow'),
('651a33a0-d2bc-4c14-837d-44552fc69a80',	'd94e7f57-bb5e-4bac-92a0-c1defce8b7a3',	'orange'),
('3e660112-7848-4e98-928d-88fce3aed56e',	'71ff36ed-8714-48be-9122-9a052a25d37c',	'yellow'),
('041c0890-94e4-4bd2-b953-6d7df4691e43',	'71ff36ed-8714-48be-9122-9a052a25d37c',	'yellow'),
('2a3207ca-26ae-4f6b-a329-907a7042f6e5',	'71ff36ed-8714-48be-9122-9a052a25d37c',	'red'),
('aa7142cf-b8e5-4bc4-9582-63867c84bcfc',	'c121e3e7-f8f0-4ed9-b577-a50eb2216f2c',	'yellow'),
('7cf94f14-0366-426e-b46d-e8174ac021e5',	'c121e3e7-f8f0-4ed9-b577-a50eb2216f2c',	'orange'),
('b7e7b9ad-1dea-4a78-9879-130e9b04130c',	'c121e3e7-f8f0-4ed9-b577-a50eb2216f2c',	'special'),
('9cb5c154-33a6-4e69-ba68-5d8c8aec9101',	'bb9b990b-b09b-4918-922b-8b9d363be855',	'yellow'),
('eb78657c-3028-4881-95a6-783a3d5cefcc',	'bb9b990b-b09b-4918-922b-8b9d363be855',	'orange'),
('15e124a6-c0b4-4cfe-8514-77eb32440c25',	'675d0f5e-3a92-4a1f-8a63-a97ab8f46cad',	'yellow'),
('89f1bcad-0a09-45f6-abc1-d0c582f5161e',	'675d0f5e-3a92-4a1f-8a63-a97ab8f46cad',	'orange'),
('d3ef20b5-62e7-4d58-b50d-7bc4daa5220c',	'675d0f5e-3a92-4a1f-8a63-a97ab8f46cad',	'orange'),
('98479b48-d09f-40a9-a7db-793225109081',	'675d0f5e-3a92-4a1f-8a63-a97ab8f46cad',	'special'),
('418b8a73-6343-43f6-8288-88cd64c6c2cc',	'76fee024-70f8-497b-924f-287971559a53',	'yellow'),
('b281d2e1-ce67-4c37-971a-fa07745243e3',	'76fee024-70f8-497b-924f-287971559a53',	'yellow'),
('043bc135-86f2-45e0-844a-6906d2ac81a2',	'76fee024-70f8-497b-924f-287971559a53',	'special'),
('74c21bef-e797-4b30-9a8d-e9fdf39a4ec2',	'a25756b8-99b3-4e5e-9862-ca912d5ea633',	'yellow'),
('986789eb-d4a3-4c7b-b235-efa1608a0f72',	'a25756b8-99b3-4e5e-9862-ca912d5ea633',	'orange'),
('86151c00-2634-45ec-a699-73c913492f37',	'a69381d8-b447-4098-86e9-a1dbd028a2a4',	'orange'),
('e4fc07cf-7771-4999-8080-bcf734fe2c3e',	'a69381d8-b447-4098-86e9-a1dbd028a2a4',	'special'),
('8f8ab595-fa35-4449-acee-183300b37bfc',	'2688c50c-b4e3-4781-ad1d-8839392b9b01',	'yellow'),
('54db8bad-1c40-4c29-8a27-e46cf0e781a6',	'2688c50c-b4e3-4781-ad1d-8839392b9b01',	'orange'),
('6351c3b3-32fe-47eb-b770-7d5763373665',	'2688c50c-b4e3-4781-ad1d-8839392b9b01',	'orange'),
('c484ec65-f7d8-4927-9424-e15086e09499',	'2688c50c-b4e3-4781-ad1d-8839392b9b01',	'special'),
('7b3957b8-bc83-47fa-95fa-1eb9d368d16e',	'80b60cd2-f835-4762-bf24-e9d967e09d97',	'yellow'),
('7db00b7f-a06b-4461-bda2-2b2b5e11c502',	'80b60cd2-f835-4762-bf24-e9d967e09d97',	'orange'),
('807e5958-ddcf-4b54-96c2-99f4dd4ceb03',	'fe3e0d2f-318d-4865-b04a-7cf0a14f6b9d',	'yellow'),
('aae12089-2ebc-449e-965e-777af5538923',	'fe3e0d2f-318d-4865-b04a-7cf0a14f6b9d',	'orange'),
('2825c86b-9c77-43f8-91f6-a09ee8a0cefa',	'fe3e0d2f-318d-4865-b04a-7cf0a14f6b9d',	'special'),
('987aa2f5-0457-4231-990c-7c95cfbd7cae',	'ff30c6db-df5e-4ce2-b8f9-4522fb0ce54f',	'yellow'),
('6aa6c70b-fa49-4be5-a02a-ad2db67bfa8e',	'ff30c6db-df5e-4ce2-b8f9-4522fb0ce54f',	'red'),
('7570b3aa-3556-466c-bdec-200b2b33529a',	'efd3fc4d-1c7c-41f5-9705-87df02b5ee7d',	'orange'),
('6405ad7a-6c1b-4863-af8f-3e22aea308a5',	'efd3fc4d-1c7c-41f5-9705-87df02b5ee7d',	'special'),
('d1dcda65-c92d-4b05-a247-8d14ee77a219',	'841d845e-3a46-4ac5-82d0-de3414e64182',	'orange'),
('cfc6f4d1-d4dd-4fd1-a533-9db88552958b',	'841d845e-3a46-4ac5-82d0-de3414e64182',	'orange'),
('7526ac82-4b4b-4aa3-b778-d4a498480dc6',	'841d845e-3a46-4ac5-82d0-de3414e64182',	'purple'),
('dd059fc4-ca5e-403d-b087-6e5bc12cd2bc',	'841d845e-3a46-4ac5-82d0-de3414e64182',	'special'),
('34fcf810-c9fa-4019-b393-e4cc06107aa9',	'3bede1f9-4223-4b6b-bcb6-30d33a12fcba',	'yellow'),
('de5c5a5b-424c-46b1-8279-06a1a9b1cc96',	'3bede1f9-4223-4b6b-bcb6-30d33a12fcba',	'orange'),
('77d8db03-5f78-435a-aa40-8bb9b29b8be8',	'3bede1f9-4223-4b6b-bcb6-30d33a12fcba',	'special'),
('20b7842b-4416-4afa-b4e9-d98e27edc369',	'2712d136-187a-4ca7-882d-717d49d01a61',	'yellow'),
('75cc22c5-28b5-406d-a190-1fb05510ac67',	'2712d136-187a-4ca7-882d-717d49d01a61',	'yellow'),
('cbcee4b8-57cb-473a-a432-103c0f103810',	'2712d136-187a-4ca7-882d-717d49d01a61',	'orange'),
('96dc34e1-68fe-499b-b953-cbf5dfe5119a',	'725cb869-00a5-4917-94eb-790996364687',	'yellow'),
('be42df6f-6e0e-449b-872f-bf8d4833295b',	'725cb869-00a5-4917-94eb-790996364687',	'orange'),
('e047d9d0-08ba-4c41-8091-fbe57c383f03',	'289a7b34-e0e3-4cfe-88f0-7cd46328be8c',	'yellow'),
('245e7639-15cd-4e4c-90b8-6a3664f8ef08',	'289a7b34-e0e3-4cfe-88f0-7cd46328be8c',	'orange'),
('f9d96bcc-c359-4a5a-848d-ae02420cfb72',	'289a7b34-e0e3-4cfe-88f0-7cd46328be8c',	'red'),
('556b0fc1-bb48-4312-b462-9c95497e1ca9',	'289a7b34-e0e3-4cfe-88f0-7cd46328be8c',	'special'),
('e3dd0438-7319-4935-a98c-8ef47efeeea3',	'37b7b869-078d-4270-b927-3a579d22e032',	'orange'),
('93bea8e5-b94e-4ee7-9056-6959496aebe3',	'37b7b869-078d-4270-b927-3a579d22e032',	'orange'),
('27469e33-c662-4135-9b78-8eaa27c6d2ea',	'591ea566-fb61-4072-bbb9-347826b5c052',	'orange'),
('ee342f79-4c01-4572-8539-5d5395eeb41f',	'591ea566-fb61-4072-bbb9-347826b5c052',	'orange'),
('3bb4d274-16e2-4c6c-9b47-4c6eaabcc34e',	'591ea566-fb61-4072-bbb9-347826b5c052',	'red'),
('4f6a24ab-68b1-4a01-a46a-6c567e06c30c',	'591ea566-fb61-4072-bbb9-347826b5c052',	'purple'),
('45956d07-a677-4161-af2a-c91a02bb6b30',	'c3bf9e8a-82b4-4013-8dfe-3df6a9e425c0',	'yellow'),
('19a30cc2-9337-4264-9ab6-8d130c980ea9',	'c3bf9e8a-82b4-4013-8dfe-3df6a9e425c0',	'orange'),
('f66615d1-7047-4b84-9a3c-cd57701b2751',	'c3bf9e8a-82b4-4013-8dfe-3df6a9e425c0',	'red'),
('106129f8-09b7-465c-8888-412cbe6400a6',	'c3bf9e8a-82b4-4013-8dfe-3df6a9e425c0',	'special'),
('8cee71a1-5496-469e-9c29-52867fcf9844',	'2e6148c6-922b-4d03-9814-18c95a12ae61',	'yellow'),
('8170de84-1656-4466-935a-7205522cce47',	'2e6148c6-922b-4d03-9814-18c95a12ae61',	'red'),
('a8e012fe-f164-477d-ad34-50f3221087b1',	'2e6148c6-922b-4d03-9814-18c95a12ae61',	'special'),
('f07433ce-7266-43c9-86fa-a46945d24092',	'22b82252-7d49-4ca7-8447-71a64702fb88',	'orange'),
('bee3311d-f2dd-4746-926b-5f4377606234',	'22b82252-7d49-4ca7-8447-71a64702fb88',	'red'),
('3c07e829-01a2-42fe-bbda-95fdff0559a9',	'22b82252-7d49-4ca7-8447-71a64702fb88',	'special'),
('126bba43-04cb-42c7-9678-0d56f780f50c',	'fa401ea4-80bb-4e48-95b9-2d0ff49fefb1',	'yellow'),
('2eac373c-7f3e-4da4-8aa1-8078c625a62d',	'fa401ea4-80bb-4e48-95b9-2d0ff49fefb1',	'yellow'),
('468ad412-aa9d-456b-86e2-f744800187b5',	'fa401ea4-80bb-4e48-95b9-2d0ff49fefb1',	'red'),
('94ce7dbe-68f8-428d-ad1c-ecef16f92364',	'a86155ab-3921-4b76-bdb9-b11e5dd23f3b',	'orange'),
('ec983063-f852-405d-9fb9-8d7c615c261a',	'a86155ab-3921-4b76-bdb9-b11e5dd23f3b',	'red');

INSERT INTO "attack_perks_perk" ("attack_id", "perk_name") VALUES
('14931b0b-1c4c-4f3f-919b-62d91d2a35c4',	'mana_leech'),
('3f0624db-76e3-4492-883a-feca67e2add6',	'breakable'),
('c121e3e7-f8f0-4ed9-b577-a50eb2216f2c',	'mana_leech'),
('caf774ee-71cf-400d-af29-e91ffb1aa9e2',	'mana_leech'),
('675d0f5e-3a92-4a1f-8a63-a97ab8f46cad',	'breakable'),
('76fee024-70f8-497b-924f-287971559a53',	'stop'),
('a25756b8-99b3-4e5e-9862-ca912d5ea633',	'reroll_one_dice'),
('80b60cd2-f835-4762-bf24-e9d967e09d97',	'reroll_one_dice'),
('a69381d8-b447-4098-86e9-a1dbd028a2a4',	'ignore_armor_class'),
('2688c50c-b4e3-4781-ad1d-8839392b9b01',	'blood_price'),
('fe3e0d2f-318d-4865-b04a-7cf0a14f6b9d',	'reroll_one_dice'),
('fe3e0d2f-318d-4865-b04a-7cf0a14f6b9d',	'mana_leech'),
('ff30c6db-df5e-4ce2-b8f9-4522fb0ce54f',	'reroll_one_dice'),
('efd3fc4d-1c7c-41f5-9705-87df02b5ee7d',	'reroll_all_dices'),
('841d845e-3a46-4ac5-82d0-de3414e64182',	'critical_failure'),
('3bede1f9-4223-4b6b-bcb6-30d33a12fcba',	'reroll_all_dices'),
('289a7b34-e0e3-4cfe-88f0-7cd46328be8c',	'breakable'),
('591ea566-fb61-4072-bbb9-347826b5c052',	'reroll_one_dice'),
('c3bf9e8a-82b4-4013-8dfe-3df6a9e425c0',	'stop'),
('2e6148c6-922b-4d03-9814-18c95a12ae61',	'frozen'),
('22b82252-7d49-4ca7-8447-71a64702fb88',	'ignore_armor_class'),
('fa401ea4-80bb-4e48-95b9-2d0ff49fefb1',	'reroll_one_dice');
