INSERT INTO
  "item" (
    "name",
    "level",
    "is_lootable_in_chest",
    "mana_cost",
    "type"
  )
VALUES
  (
    'broadsword_1',
    1,
    false,
    NULL,
    'Weapon'
  ),
  (
    'faith_crossbow_1',
    1,
    false,
    NULL,
    'Weapon'
  ),
  (
    'throwing_dagger_1',
    1,
    false,
    NULL,
    'Weapon'
  ),
  (
    'magic_shot_1',
    1,
    false,
    '{"SORCERER":2,"CLERIC":3}',
    'Spell'
  ),
  (
    'elders_shortbow_1',
    1,
    false,
    NULL,
    'Weapon'
  ),
  (
    'goblin_scimitar_1',
    1,
    false,
    NULL,
    'Weapon'
  ),
  (
    'bugbear_mace_1',
    1,
    false,
    NULL,
    'Weapon'
  ),
  (
    'faith_mace_1',
    1,
    TRUE,
    NULL,
    'Weapon'
  ),
  (
    'master_axe_1',
    1,
    TRUE,
    NULL,
    'Weapon'
  ),
  (
    'flash_bombs_1',
    1,
    TRUE,
    NULL,
    'Weapon'
  );

INSERT INTO
  "item_ui" ("item_name", "img_url")
VALUES
  (
    'broadsword_1',
    'https://jergauth-dnd-assets.s3.eu-west-3.amazonaws.com/broadsword_1.webp'
  ),
  (
    'faith_crossbow_1',
    'https://jergauth-dnd-assets.s3.eu-west-3.amazonaws.com/faith_crossbow_1.webp'
  ),
  (
    'throwing_dagger_1',
    'https://jergauth-dnd-assets.s3.eu-west-3.amazonaws.com/throwing_dagger_1.webp'
  ),
  (
    'magic_shot_1',
    'https://jergauth-dnd-assets.s3.eu-west-3.amazonaws.com/magic_shot_1.webp'
  ),
  (
    'elders_shortbow_1',
    'https://jergauth-dnd-assets.s3.eu-west-3.amazonaws.com/elders_shortbow_1.webp'
  ),
  (
    'goblin_scimitar_1',
    'https://www.aidedd.org/dnd/images/goblin.jpg'
  ),
  (
    'bugbear_mace_1',
    'https://www.aidedd.org/dnd/images/bugbear.jpg'
  ),
  (
    'faith_mace_1',
    'https://jergauth-dnd-assets.s3.eu-west-3.amazonaws.com/faith_mace_1.webp'
  ),
  (
    'master_axe_1',
    'https://jergauth-dnd-assets.s3.eu-west-3.amazonaws.com/master_axe_1.webp'
  ),
  (
    'flash_bombs_1',
    'https://jergauth-dnd-assets.s3.eu-west-3.amazonaws.com/flash_bombs_1.webp'
  );

INSERT INTO
  "attack" ("id", "range", "type", "item_name")
VALUES
  (
    'd6935dcd-0a9e-4e8e-9e17-d1d7242ccd68',
    'melee',
    'regular',
    'broadsword_1'
  ),
  (
    'caf774ee-71cf-400d-af29-e91ffb1aa9e2',
    'long',
    'regular',
    'faith_crossbow_1'
  ),
  (
    '843694db-6235-4d88-81a2-d463954690de',
    'long',
    'regular',
    'throwing_dagger_1'
  ),
  (
    '3f0624db-76e3-4492-883a-feca67e2add6',
    'long',
    'super',
    'throwing_dagger_1'
  ),
  (
    'fdb9c3a8-9ec2-457a-90b3-bbbab68b1236',
    'long',
    'regular',
    'magic_shot_1'
  ),
  (
    '14931b0b-1c4c-4f3f-919b-62d91d2a35c4',
    'long',
    'regular',
    'elders_shortbow_1'
  ),
  (
    'd94e7f57-bb5e-4bac-92a0-c1defce8b7a3',
    'melee',
    'regular',
    'goblin_scimitar_1'
  ),
  (
    '71ff36ed-8714-48be-9122-9a052a25d37c',
    'melee',
    'regular',
    'bugbear_mace_1'
  ),
  (
    'c121e3e7-f8f0-4ed9-b577-a50eb2216f2c',
    'melee',
    'regular',
    'faith_mace_1'
  ),
  (
    'bb9b990b-b09b-4918-922b-8b9d363be855',
    'melee',
    'regular',
    'master_axe_1'
  ),
  (
    '675d0f5e-3a92-4a1f-8a63-a97ab8f46cad',
    'melee',
    'super',
    'master_axe_1'
  ),
  (
    '76fee024-70f8-497b-924f-287971559a53',
    'long',
    'regular',
    'flash_bombs_1'
  );

INSERT INTO
  "attack_dice" ("attack_id", "dice_name")
VALUES
  -- broadsword_1 regular atk
  (
    'd6935dcd-0a9e-4e8e-9e17-d1d7242ccd68',
    'yellow'
  ),
  (
    'd6935dcd-0a9e-4e8e-9e17-d1d7242ccd68',
    'yellow'
  ),
  (
    'd6935dcd-0a9e-4e8e-9e17-d1d7242ccd68',
    'orange'
  ),
  -- faith_crossbow_1 regular atk
  (
    'caf774ee-71cf-400d-af29-e91ffb1aa9e2',
    'yellow'
  ),
  (
    'caf774ee-71cf-400d-af29-e91ffb1aa9e2',
    'yellow'
  ),
  (
    'caf774ee-71cf-400d-af29-e91ffb1aa9e2',
    'special'
  ),
  -- throwing_dagger_1 super atk
  (
    '3f0624db-76e3-4492-883a-feca67e2add6',
    'orange'
  ),
  (
    '3f0624db-76e3-4492-883a-feca67e2add6',
    'orange'
  ),
  (
    '3f0624db-76e3-4492-883a-feca67e2add6',
    'special'
  ),
  -- throwing_dagger_1 regular atk
  (
    '843694db-6235-4d88-81a2-d463954690de',
    'yellow'
  ),
  (
    '843694db-6235-4d88-81a2-d463954690de',
    'yellow'
  ),
  -- magic_shot_1 regular atk
  (
    'fdb9c3a8-9ec2-457a-90b3-bbbab68b1236',
    'yellow'
  ),
  (
    'fdb9c3a8-9ec2-457a-90b3-bbbab68b1236',
    'red'
  ),
  -- elders_shortbow_1 regular atk
  (
    '14931b0b-1c4c-4f3f-919b-62d91d2a35c4',
    'yellow'
  ),
  (
    '14931b0b-1c4c-4f3f-919b-62d91d2a35c4',
    'yellow'
  ),
  (
    '14931b0b-1c4c-4f3f-919b-62d91d2a35c4',
    'special'
  ),
  -- goblin_scimitar_1 regular atk
  (
    'd94e7f57-bb5e-4bac-92a0-c1defce8b7a3',
    'yellow'
  ),
  (
    'd94e7f57-bb5e-4bac-92a0-c1defce8b7a3',
    'yellow'
  ),
  (
    'd94e7f57-bb5e-4bac-92a0-c1defce8b7a3',
    'orange'
  ),
  -- bugbear_mace_1 regular atk
  (
    '71ff36ed-8714-48be-9122-9a052a25d37c',
    'yellow'
  ),
  (
    '71ff36ed-8714-48be-9122-9a052a25d37c',
    'yellow'
  ),
  (
    '71ff36ed-8714-48be-9122-9a052a25d37c',
    'red'
  ),
  -- faith_mace_1 regular atk
  (
    'c121e3e7-f8f0-4ed9-b577-a50eb2216f2c',
    'yellow'
  ),
  (
    'c121e3e7-f8f0-4ed9-b577-a50eb2216f2c',
    'orange'
  ),
  (
    'c121e3e7-f8f0-4ed9-b577-a50eb2216f2c',
    'special'
  ),
  -- master_axe_1 regular atk
  (
    'bb9b990b-b09b-4918-922b-8b9d363be855',
    'yellow'
  ),
  (
    'bb9b990b-b09b-4918-922b-8b9d363be855',
    'orange'
  ),
  -- master_axe_1 super atk
  (
    '675d0f5e-3a92-4a1f-8a63-a97ab8f46cad',
    'yellow'
  ),
  (
    '675d0f5e-3a92-4a1f-8a63-a97ab8f46cad',
    'orange'
  ),
  (
    '675d0f5e-3a92-4a1f-8a63-a97ab8f46cad',
    'orange'
  ),
  (
    '675d0f5e-3a92-4a1f-8a63-a97ab8f46cad',
    'special'
  ),
  -- flash_bombs_1 regular atk
  (
    '76fee024-70f8-497b-924f-287971559a53',
    'yellow'
  ),
  (
    '76fee024-70f8-497b-924f-287971559a53',
    'yellow'
  ),
  (
    '76fee024-70f8-497b-924f-287971559a53',
    'special'
  );