INSERT INTO
  "item" (
    "name",
    "level",
    "img_url",
    "mana_cost",
    "type"
  )
VALUES
  (
    'broadsword_1',
    1,
    'https://jergauth-dnd-assets.s3.eu-west-3.amazonaws.com/broadsword_1.webp',
    NULL,
    'Weapon'
  ),
  (
    'faith_crossbow_1',
    1,
    'https://jergauth-dnd-assets.s3.eu-west-3.amazonaws.com/faith_crossbow_1.webp',
    NULL,
    'Weapon'
  ),
  (
    'throwing_dagger_1',
    1,
    'https://jergauth-dnd-assets.s3.eu-west-3.amazonaws.com/throwing_dagger_1.webp',
    NULL,
    'Weapon'
  ),
  (
    'magic_shot_1',
    1,
    'https://jergauth-dnd-assets.s3.eu-west-3.amazonaws.com/magic_shot_1.webp',
    '{"SORCERER":2,"CLERIC":3}',
    'Spell'
  ),
  (
    'elders_shortbow_1',
    1,
    'https://jergauth-dnd-assets.s3.eu-west-3.amazonaws.com/elders_shortbow_1.webp',
    NULL,
    'Weapon'
  );

INSERT INTO
  "attack" ("id", "range", "type", "item_name")
VALUES
  (
    'd6935dcd-0a9e-4e8e-9e17-d1d7242ccd68',
    'melee',
    'regular',
    'broadsword_1'
  ),
  (
    'caf774ee-71cf-400d-af29-e91ffb1aa9e2',
    'long',
    'regular',
    'faith_crossbow_1'
  ),
  (
    '843694db-6235-4d88-81a2-d463954690de',
    'long',
    'regular',
    'throwing_dagger_1'
  ),
  (
    '3f0624db-76e3-4492-883a-feca67e2add6',
    'long',
    'super',
    'throwing_dagger_1'
  ),
  (
    'fdb9c3a8-9ec2-457a-90b3-bbbab68b1236',
    'long',
    'regular',
    'magic_shot_1'
  ),
  (
    '14931b0b-1c4c-4f3f-919b-62d91d2a35c4',
    'long',
    'regular',
    'elders_shortbow_1'
  );

INSERT INTO
  "attack_dice" ("id", "attack_id", "dice_name")
VALUES
  (
    '41bf1485-fcd5-4aaa-90be-e3acf01f071e',
    'd6935dcd-0a9e-4e8e-9e17-d1d7242ccd68',
    'yellow'
  ),
  (
    '39e8c2b4-513a-4a92-a2c4-43bc8460ca1a',
    'd6935dcd-0a9e-4e8e-9e17-d1d7242ccd68',
    'yellow'
  ),
  (
    '72e710d5-8146-4d21-9c7b-cd8bd6cfa006',
    'd6935dcd-0a9e-4e8e-9e17-d1d7242ccd68',
    'orange'
  ),
  (
    '0e03f19a-1b47-4c24-97da-7476ff0641b8',
    'caf774ee-71cf-400d-af29-e91ffb1aa9e2',
    'yellow'
  ),
  (
    '7e3fad54-1c0e-4725-912d-9e875e039368',
    'caf774ee-71cf-400d-af29-e91ffb1aa9e2',
    'yellow'
  ),
  (
    'e495ebd9-0b15-46fa-a56d-f45680e2e26a',
    'caf774ee-71cf-400d-af29-e91ffb1aa9e2',
    'special'
  ),
  (
    '3963b982-b7c7-47fe-85c9-a7076c488b25',
    '3f0624db-76e3-4492-883a-feca67e2add6',
    'orange'
  ),
  (
    'cfeebb10-284e-47f1-a537-428531e1c552',
    '3f0624db-76e3-4492-883a-feca67e2add6',
    'orange'
  ),
  (
    '282429ae-5a74-46d4-9802-6bd2138d5250',
    '3f0624db-76e3-4492-883a-feca67e2add6',
    'special'
  ),
  (
    '2634a9c7-4637-489d-9cb5-46fdbdb1a076',
    '843694db-6235-4d88-81a2-d463954690de',
    'yellow'
  ),
  (
    '8cfc2a02-4ee7-4ed2-ad58-960aba940fd1',
    '843694db-6235-4d88-81a2-d463954690de',
    'yellow'
  ),
  (
    '0b3c2c22-668a-4b44-80f2-f075a850e5ca',
    'fdb9c3a8-9ec2-457a-90b3-bbbab68b1236',
    'yellow'
  ),
  (
    'f5154e19-2633-4c8f-b5ff-18a31a1925d5',
    'fdb9c3a8-9ec2-457a-90b3-bbbab68b1236',
    'red'
  ),
  (
    '3623d279-deee-4b25-84bb-ce0124b4683c',
    '14931b0b-1c4c-4f3f-919b-62d91d2a35c4',
    'yellow'
  ),
  (
    '09d69081-cc37-48e8-b2df-72390dc8f75f',
    '14931b0b-1c4c-4f3f-919b-62d91d2a35c4',
    'yellow'
  ),
  (
    '9eb44ec6-a07b-4984-87cb-9d21e83e9de9',
    '14931b0b-1c4c-4f3f-919b-62d91d2a35c4',
    'special'
  );